certificate_isin;certificate_name;stock_name;stock_google_finance_ticker;stock_exchange;stock_isin;stock_industry;stock_sector
IT0006772583;12m Wof Memory Phoenix Autocall on Tesla Inc (TSLA), Intel Corp (INTC), Micron Technology Inc (MU), Oracle Corp (ORCL) in EUR;Micron Technology;NASDAQ:MU;NASDAQ;US5951121038;Semiconductors;Technology
NLBNPIT300U7;Step Down Memory Cash Collect on Palantir Technologies Inc;Palantir;NYSE:PLTR;NYSE;US69608A1088;Software—Infrastructure;Technology
NLBNPIT302W9;Prodotto Cash Collect Protection Booster (UniCredit SpA, Intesa Sanpaolo SpA);Unicredit;BIT:UCG;BIT;IT0005239545;Banks;Financials
IT0006770512;60m Wof Memory Phoenix Autocall on BNP Paribas SA, UniCredit SpA, Banco BPM SpA in EUR;Unicredit;BIT:UCG;BIT;IT0005239360;Banks-Regional;Financial Services
NLBNPIT2HHH4;12 Premi Fissi Cash Collect Step Down 95% (Leonardo SpA, ERG SpA, Ferrari NV, Moncler SpA);Ferrari;BIT:RACE;BIT;NL0011585146;Auto Manufacturers;Consumer Cyclical
NLBNPIT2TQJ6;12 Premi Fissi Cash Collect Step Down (BAMI, BPE, BMPS, FBK);BPER Banca;BIT:BPE;BIT;IT0003839121;Banks;Financials
DE000VJ6U7J7;Memory Express Zertifikat auf Allianz, AXA, Zurich Insurance;Banca MPS;BIT:BMPS;BIT;IT0005218752;Banks;Financials
IT0006771148;IT0006771148;Eni;E.MI;BIT;IT0003132476;Oil and Gas Integrated;Energy
NLBNPIT2T027;Cash Collect Booster (Palantir, Tesla, NVIDIA);Nvidia;NVDA;NASDAQ;N/A;Semiconductors;Technology
NLBNPIT30150;6 Premi Fissi Cash Collect Callable (COHR UN, HO FP, LDO IM);Thales;EPA:HO;EPA;FR0000121329;Aerospace and Defense;Industrials
NLBNPIT302Z2;Cash Collect Protection Booster (ISP, SAN, GS, MS);Intesa Sanpaolo;BIT:ISP;N/A;N/A;N/A;N/A
NLBNPIT2TQJ6;12 Premi Fissi Cash Collect Step Down (BAMI, BPE, BMPS, FBK);Fineco;BIT:FBK;BIT;IT0000072170;Banks;Financials
NLBNPIT21TB7;Cash Collect Step Down 95% (UiPath Inc, KLA Corp, C3.ai Inc);C3.AI;NYSE:AI;NYSE;US12468P1049;Software;Technology
NLBNPIT302Z2;Cash Collect Protection Booster (ISP, SAN, GS, MS);Goldman Sachs;NYSE:GS;N/A;N/A;N/A;N/A
NLBNPIT302Z2;Cash Collect Protection Booster (ISP, SAN, GS, MS);Morgan Stanley;NYSE:MS;N/A;N/A;N/A;N/A
NLBNPIT30325;Cash Collect Protection Booster (Poste Italiane SpA, UniCredit SpA, Generali, Eni SpA);Poste Italiane S.p.A.;BIT:PST;BIT;IT0003794171;Diversified Financial Services;Financials
NLBNPIT302V1;Cash Collect Protection Booster (UniCredit SpA, Intesa Sanpaolo SpA, BPER Banca SPA);BPER Banca;BIT:BPE;BIT;IT0000066123;Banks;Financial Services
NLBNPIT30374;Cash Collect Protection Booster (The Boeing Co, Rheinmetall AG, Leonardo SpA, Thales SA);Rheinmetall;ETR:RHM;N/A;N/A;N/A;N/A
DE000VH68M19;Memory Express Certificate on Stellantis, STLA, ENI, ENI, Enel, ENEL;IonQ;NYSE:IONQ;NYSE;US46222R1086;Computer Hardware;Technology
IT0006772062;48m Wof Memory Phoenix Autocall on Banco BPM SpA, Societe Generale SA, Banca Monte dei Paschi di Sien, Commerzbank AG in EUR;Commerzbank;ETR:CBK;XETRA;DE000CBK1001;Banks;Financials
NLBNPIT30333;Cash Collect Protection Booster (Enel, Leonardo, Snam, Moncler);Enel;BIT:ENEL;BIT;IT0003128367;Electric Utilities;Utilities
DE000VG656A7;Memory Express Certificate on Delivery Hero (DHER.DE), Zalando (ZAL.DE), and HelloFresh (HFG.DE);Raiffeisen Bank;VIE:RBI;Vienna Stock Exchange;AT0000606306;Banks-Regional;Financial Services
DE000VH68M19;Memory Express Certificate on Stellantis, STLA, ENI, ENI, Enel, ENEL;D-Wave Quantum;NYSE:QBTS;NYSE;CA23326P1054;Computer Hardware;Technology
DE000VK6PMC6;Vontobel Memory Express Zertifikat auf Allianz, AXA, Zurich Insurance;NEXI;BIT:NEXI;BIT;IT0005366767;Financial Services;Financials
NLBNPIT21TB7;Cash Collect Step Down 95% (UiPath Inc, KLA Corp, C3.ai Inc);UiPath;NYSE:PATH;NYSE;US90364P1057;Software;Technology
NLBNPIT302Z2;Cash Collect Protection Booster (ISP, SAN, GS, MS);Banco Santander;BME:SAN;N/A;N/A;N/A;N/A
NLBNPIT300H4;Step Down Memory Cash Collect on Stellantis NV;Stellantis;BIT:STLAM;BIT;NL00150001Q9;Auto Manufacturers;Consumer Cyclical
NLBNPIT303A3;Cash Collect Protection Booster (NVIDIA, Intel, Tesla, Meta);NVIDIA Corporation;NVDA;NASDAQ;US67066G1040;Semiconductors;Information Technology
NLBNPIT302Y5;Cash Collect Protection Booster (UniCredit SpA, Banca Monte dei Paschi di Siena SpA, BPER Banca SPA, Banco BPM SpA);BPER Banca;BIT:BPE;BIT;IT0000066123;Banks;Financials
DE000VK6PMC6;Vontobel Memory Express Zertifikat auf Allianz, AXA, Zurich Insurance;STMicroelectronics (PA);EPA:STMPA;EPA;NL0000226223;Semiconductors;Technology
DE000VH30021;Memory Express Zertifikat auf Allianz, AXA, Zurich Insurance (ALV, CS, ZURN);Banca MPS;BIT:BMPS;BIT;IT0005508921;Banks;Financial Services
IT0006771353;IT0006771353;STMicroelectronics;STM;EPA;N/A;N/A;N/A
NLBNPIT2T027;Cash Collect Booster (Palantir, Tesla, NVIDIA);Tesla;NASDAQ:TSLA;NASDAQ;N/A;Auto Manufacturers;Consumer Cyclical
NLBNPIT30325;Cash Collect Protection Booster (Poste Italiane SpA, UniCredit SpA, Generali, Eni SpA);Eni S.p.A.;BIT:ENI;BIT;IT0003132476;Integrated Oil and Gas;Energy
DE000VH30021;Memory Express Zertifikat auf Allianz, AXA, Zurich Insurance (ALV, CS, ZURN);Leonardo;BIT:LDO;BIT;IT0003856405;Aerospace and Defense;Industrials
DE000VK6PMC6;Vontobel Memory Express Zertifikat auf Allianz, AXA, Zurich Insurance;Intesa Sanpaolo;BIT:ISP;BIT;IT0000072618;Banks;Financials
IT0006772583;12m Wof Memory Phoenix Autocall on Tesla Inc (TSLA), Intel Corp (INTC), Micron Technology Inc (MU), Oracle Corp (ORCL) in EUR;Intel;NASDAQ:INTC;NASDAQ;US4581401001;Semiconductors;Technology
NLBNPIT303A3;Cash Collect Protection Booster (NVIDIA, Intel, Tesla, Meta);Intel Corporation;NASDAQ:INTC;NASDAQ;US4581401001;Semiconductors;Information Technology
DE000VG656A7;Memory Express Certificate on Delivery Hero (DHER.DE), Zalando (ZAL.DE), and HelloFresh (HFG.DE);Banca MPS;BIT:BMPS;BIT;IT0005508921;Banks-Regional;Financial Services
IT0006767823;N/A;Microsoft;MSFT:NASDAQ;NASDAQ;US5949181045;Software;Information Technology
NLBNPIT2HHH4;12 Premi Fissi Cash Collect Step Down 95% (Leonardo SpA, ERG SpA, Ferrari NV, Moncler SpA);Moncler;BIT:MONC;BIT;IT0004965148;Luxury Goods;Consumer Cyclical
NLBNPIT2QDD3;Low Barrier Cash Collect on Oracle Corp, Dell Technologies Inc, Fortinet Inc, Amazon.com Inc;Dell;NYSE:DELL;NYSE;US24703L2025;Technology Hardware, Storage and Peripherals;Information Technology
NLBNPIT302Y5;Cash Collect Protection Booster (UniCredit SpA, Banca Monte dei Paschi di Siena SpA, BPER Banca SPA, Banco BPM SpA);Banca MPS;BIT:BMPS;BIT;IT0005508921;Banks;Financials
NLBNPIT30341;Cash Collect Protection Booster (UNI, G, SREN, SCR);Scor;EPA:SCR;EPA;FR0010411983;Reinsurance;Financials
NLBNPIT30382;Cash Collect Protection Booster (BP, TTE, EQNR, REP);British Petroleum;BP;LSE;GB00BN7L1Y91;Integrated Oil and Gas;Energy
IT0006771148;IT0006771148;Occidental Petroleum;OXY;NYSE;US6745991058;Oil and Gas Exploration and Production;Energy
IT0006771353;IT0006771353;Advanced Micro Devices;NASDAQ:AMD;NASDAQ;N/A;N/A;N/A
NLBNPIT2HHH4;12 Premi Fissi Cash Collect Step Down 95% (Leonardo SpA, ERG SpA, Ferrari NV, Moncler SpA);Leonardo;BIT:LDO;BIT;IT0003856405;Aerospace and Defense;Industrials
NLBNPIT2TQJ6;12 Premi Fissi Cash Collect Step Down (BAMI, BPE, BMPS, FBK);Banca MPS;BIT:BMPS;BIT;IT0005508921;Banks;Financials
DE000VH68M19;Memory Express Certificate on Stellantis, STLA, ENI, ENI, Enel, ENEL;Rigetti Computing;NASDAQ:RGTI;NASDAQ;US76655J1034;Computer Hardware;Technology
IT0006771148;IT0006771148;Chevron;CVX;NYSE;US1667641005;Oil and Gas Integrated;Energy
IT0006772062;48m Wof Memory Phoenix Autocall on Banco BPM SpA, Societe Generale SA, Banca Monte dei Paschi di Sien, Commerzbank AG in EUR;Societe Generale;EPA:GLE;EPA;FR0000130809;Banks;Financials
NLBNPIT30150;6 Premi Fissi Cash Collect Callable (COHR UN, HO FP, LDO IM);Leonardo;BIT:LDO;BIT;IT0003856405;Aerospace and Defense;Industrials
NLBNPIT302V1;Cash Collect Protection Booster (UniCredit SpA, Intesa Sanpaolo SpA, BPER Banca SPA);Unicredit;BIT:UCG;BIT;IT0005239360;Banks;Financial Services
NLBNPIT30374;Cash Collect Protection Booster (The Boeing Co, Rheinmetall AG, Leonardo SpA, Thales SA);Leonardo;BIT:LDO;N/A;N/A;N/A;N/A
NLBNPIT2QDD3;Low Barrier Cash Collect on Oracle Corp, Dell Technologies Inc, Fortinet Inc, Amazon.com Inc;Fortinet;NASDAQ:FTNT;NASDAQ;US34959E1091;Software;Information Technology
NLBNPIT30309;Cash Collect Protection Booster (BMPS, GLE, CABK, BBVA);CaixaBank S.A.;BME:CABK;BME;ES0118620317;Banks-Diversified;Financial Services
IT0006767823;N/A;Palantir;PLTR:NYSE;NYSE;US69608A1088;Software;Information Technology
NLBNPIT2T027;Cash Collect Booster (Palantir, Tesla, NVIDIA);Palantir;NYSE:PLTR;NYSE;N/A;Software-Application;Technology
NLBNPIT30309;Cash Collect Protection Booster (BMPS, GLE, CABK, BBVA);Banco Bilbao Vizcaya Argentaria S.A.;BME:BBVA;BME;ES0116200035;Banks-Diversified;Financial Services
NLBNPIT30333;Cash Collect Protection Booster (Enel, Leonardo, Snam, Moncler);Snam;BIT:SRG;BIT;IT0005112107;Gas Utilities;Utilities
IT0006771353;IT0006771353;Intel;NASDAQ:INTC;NASDAQ;N/A;N/A;N/A
NLBNPIT30374;Cash Collect Protection Booster (The Boeing Co, Rheinmetall AG, Leonardo SpA, Thales SA);Thales;EPA:HO;N/A;N/A;N/A;N/A
NLBNPIT302V1;Cash Collect Protection Booster (UniCredit SpA, Intesa Sanpaolo SpA, BPER Banca SPA);Intesa Sanpaolo;BIT:ISP;BIT;IT0000072618;Banks;Financial Services
NLBNPIT302W9;Prodotto Cash Collect Protection Booster (UniCredit SpA, Intesa Sanpaolo SpA);Intesa Sanpaolo;BIT:ISP;BIT;IT0000072618;Banks;Financials
NLBNPIT2TQJ6;12 Premi Fissi Cash Collect Step Down (BAMI, BPE, BMPS, FBK);Banco BPM;BIT:BAMI;BIT;IT0005218380;Banks;Financials
NLBNPIT302Y5;Cash Collect Protection Booster (UniCredit SpA, Banca Monte dei Paschi di Siena SpA, BPER Banca SPA, Banco BPM SpA);Banco BPM;BIT:BAMI;BIT;IT0005218380;Banks;Financials
NLBNPIT30341;Cash Collect Protection Booster (UNI, G, SREN, SCR);Unipol Gruppo Finanziario;BIT:UNI;BIT;IT0003189914;Multi-line Insurance;Financials
IT0006770512;60m Wof Memory Phoenix Autocall on BNP Paribas SA, UniCredit SpA, Banco BPM SpA in EUR;Banco BPM;BIT:BAMI;BIT;IT0005218380;Banks-Regional;Financial Services
IT0006772062;48m Wof Memory Phoenix Autocall on Banco BPM SpA, Societe Generale SA, Banca Monte dei Paschi di Sien, Commerzbank AG in EUR;Banco BPM;BIT:BAMI;BIT;IT0005218380;Banks;Financials
DE000VJ6U7J7;Memory Express Zertifikat auf Allianz, AXA, Zurich Insurance;Commerzbank;ETR:CBK;XETRA;DE000CBK1001;Banks;Financials
IT0006767823;N/A;Nvidia;NVDA:NASDAQ;NASDAQ;US67066G1040;Semiconductors;Information Technology
NLBNPIT30382;Cash Collect Protection Booster (BP, TTE, EQNR, REP);TotalEnergies;TTE;EPA;FR0000120271;Integrated Oil and Gas;Energy
DE000VH30021;Memory Express Zertifikat auf Allianz, AXA, Zurich Insurance (ALV, CS, ZURN);Moncler;BIT:MONC;BIT;IT0004965148;Luxury Goods;Consumer Cyclical
DE000VK6PMC6;Vontobel Memory Express Zertifikat auf Allianz, AXA, Zurich Insurance;Eni;BIT:ENI;BIT;IT0003132636;Oil and Gas;Energy
NLBNPIT2QDD3;Low Barrier Cash Collect on Oracle Corp, Dell Technologies Inc, Fortinet Inc, Amazon.com Inc;Amazon;NASDAQ:AMZN;NASDAQ;US0231351067;Broadline Retail;Consumer Discretionary
IT0006767823;N/A;Amazon;AMZN:NASDAQ;NASDAQ;US0231351067;E-commerce;Consumer Discretionary
NLBNPIT30150;6 Premi Fissi Cash Collect Callable (COHR UN, HO FP, LDO IM);Coherent;NYSE:COHR;NYSE;US1924791031;Electronic Equipment, Instruments and Components;Information Technology
NLBNPIT30333;Cash Collect Protection Booster (Enel, Leonardo, Snam, Moncler);Moncler;BIT:MONC;BIT;IT0004965148;Apparel and Luxury Goods;Consumer Discretionary
NLBNPIT303A3;Cash Collect Protection Booster (NVIDIA, Intel, Tesla, Meta);Tesla, Inc.;NASDAQ:TSLA;NASDAQ;US88160R1014;Automobile Manufacturers;Consumer Discretionary
IT0006772062;48m Wof Memory Phoenix Autocall on Banco BPM SpA, Societe Generale SA, Banca Monte dei Paschi di Sien, Commerzbank AG in EUR;Banca MPS;BIT:BMPS;BIT;IT0005218752;Banks;Financials
IT0006771148;IT0006771148;TotalEnergies;TTE.PA;EPA;FR0000120271;Oil and Gas Integrated;Energy
NLBNPIT2HHH4;12 Premi Fissi Cash Collect Step Down 95% (Leonardo SpA, ERG SpA, Ferrari NV, Moncler SpA);Erg;BIT:ERG;BIT;IT0001157057;Renewable Energy;Utilities
NLBNPIT30309;Cash Collect Protection Booster (BMPS, GLE, CABK, BBVA);Banca Monte dei Paschi di Siena S.p.A.;BIT:BMPS;BIT;IT0005345714;Banks-Regional;Financial Services
NLBNPIT30374;Cash Collect Protection Booster (The Boeing Co, Rheinmetall AG, Leonardo SpA, Thales SA);Boeing;NYSE:BA;N/A;N/A;N/A;N/A
DE000VJ6U7J7;Memory Express Zertifikat auf Allianz, AXA, Zurich Insurance;Raiffeisen Bank;VIE:RBI;Vienna Stock Exchange;AT0000606306;Banks;Financials
IT0006771353;IT0006771353;Broadcom;AVGO;NASDAQ;N/A;N/A;N/A
NLBNPIT302Y5;Cash Collect Protection Booster (UniCredit SpA, Banca Monte dei Paschi di Siena SpA, BPER Banca SPA, Banco BPM SpA);Unicredit;BIT:UCG;BIT;IT0005239360;Banks;Financials
NLBNPIT30341;Cash Collect Protection Booster (UNI, G, SREN, SCR);Swiss Re;SWX:SREN;SIX Swiss Exchange;CH0126881561;Reinsurance;Financials
NLBNPIT300T9;Step Down Memory Cash Collect on Tesla Inc;Tesla;NASDAQ:TSLA;NASDAQ;US88160R1014;Auto Manufacturers;Consumer Cyclical
NLBNPIT30333;Cash Collect Protection Booster (Enel, Leonardo, Snam, Moncler);Leonardo;BIT:LDO;BIT;IT0003856405;Aerospace and Defense;Industrials
NLBNPIT30341;Cash Collect Protection Booster (UNI, G, SREN, SCR);Generali;BIT:G;BIT;IT0000062072;Multi-line Insurance;Financials
NLBNPIT30382;Cash Collect Protection Booster (BP, TTE, EQNR, REP);Equinor;EQNR;OSE;NO0010096985;Oil and Gas Exploration and Production;Energy
NLBNPIT30325;Cash Collect Protection Booster (Poste Italiane SpA, UniCredit SpA, Generali, Eni SpA);UniCredit S.p.A.;BIT:UCG;BIT;IT0005239997;Banks;Financials
DE000VJ6U7J7;Memory Express Zertifikat auf Allianz, AXA, Zurich Insurance;Societe Generale;EPA:GLE;EPA;FR0000130809;Banks;Financials
IT0006770512;60m Wof Memory Phoenix Autocall on BNP Paribas SA, UniCredit SpA, Banco BPM SpA in EUR;BNP Paribas;EPA:BNP;EPA;FR0000131104;Banks-Diversified;Financial Services
DE000VG656A7;Memory Express Certificate on Delivery Hero (DHER.DE), Zalando (ZAL.DE), and HelloFresh (HFG.DE);Societe Generale;EPA:GLE;EPA;FR0000130809;Banks-Regional;Financial Services
IT0006772583;12m Wof Memory Phoenix Autocall on Tesla Inc (TSLA), Intel Corp (INTC), Micron Technology Inc (MU), Oracle Corp (ORCL) in EUR;Oracle;NYSE:ORCL;NYSE;US68389X1054;Software-Infrastructure;Technology
NLBNPIT2QDD3;Low Barrier Cash Collect on Oracle Corp, Dell Technologies Inc, Fortinet Inc, Amazon.com Inc;Oracle;NYSE:ORCL;NYSE;US68389X1054;Software;Information Technology
IT0006772583;12m Wof Memory Phoenix Autocall on Tesla Inc (TSLA), Intel Corp (INTC), Micron Technology Inc (MU), Oracle Corp (ORCL) in EUR;Tesla;NASDAQ:TSLA;NASDAQ;US88160R1014;Auto Manufacturers;Consumer Cyclical
NLBNPIT303A3;Cash Collect Protection Booster (NVIDIA, Intel, Tesla, Meta);Meta Platforms Inc.;META;NASDAQ;US30303M1027;Internet Content and Information;Communication Services
NLBNPIT21TB7;Cash Collect Step Down 95% (UiPath Inc, KLA Corp, C3.ai Inc);KLA;NASDAQ:KLAC;NASDAQ;US4824801009;Semiconductors;Technology
NLBNPIT30309;Cash Collect Protection Booster (BMPS, GLE, CABK, BBVA);Societe Generale;EPA:GLE;EPA;FR0000130807;Banks-Diversified;Financial Services
NLBNPIT30382;Cash Collect Protection Booster (BP, TTE, EQNR, REP);Repsol;REP;BME;ES0173516115;Integrated Oil and Gas;Energy
NLBNPIT300C5;Step Down Memory Cash Collect on Banca Monte dei Paschi di Siena SpA;Banca MPS;BMPS:MIL;BIT;IT0005336171;Banks;Financial Services
CH1525083577;Certificato Express in EUR su Banca Monte dei Paschi Siena, Banco BPM, UniCredit (BMPS, BAMI, UCG);Banca MPS;BIT:BMPS;BIT;IT0005336148;Banks;Financial Services
CH1525083577;Certificato Express in EUR su Banca Monte dei Paschi Siena, Banco BPM, UniCredit (BMPS, BAMI, UCG);Banco BPM;BIT:BAMI;BIT;IT0005218380;Banks;Financial Services
DE000VG656A7;Memory Express Certificate on Delivery Hero (DHER.DE), Zalando (ZAL.DE), and HelloFresh (HFG.DE);Zalando SE;ZAL.DE;XETRA;DE000ZAL1F18;Internet Retail;Consumer Cyclical
DE000VG656A7;Memory Express Certificate on Delivery Hero (DHER.DE), Zalando (ZAL.DE), and HelloFresh (HFG.DE);HelloFresh SE;HFG.DE;XETRA;DE000A161408;Food and Beverage;Consumer Defensive
DE000VG656A7;Memory Express Certificate on Delivery Hero (DHER.DE), Zalando (ZAL.DE), and HelloFresh (HFG.DE);Delivery Hero SE;DHER.DE;XETRA;DE000A2E4K43;Restaurants;Consumer Cyclical
DE000VH68M19;Memory Express Certificate on Stellantis, STLA, ENI, ENI, Enel, ENEL;Stellantis NV;STLA;BIT;NL00150001Q9;Auto Manufacturers;Consumer Cyclical
CH1550421346;Certificato Express in EUR su Intesa Sanpaolo (ISP), Micron Technology (MU), UniCredit (UCG) Phoenix Autocallable;NVIDIA Corp;NVDA;NASDAQ;US67066G1040;Semiconductors;Technology
CH1525091620;Express Certificate in EUR on iShares Silver Trust (SLV) and SPDR Gold Trust (GLD);iShares Silver Trust;NYSEARCA:SLV;NYSE Arca;US46428Q1094;Commodities;Financial
CH1550421346;Certificato Express in EUR su Intesa Sanpaolo (ISP), Micron Technology (MU), UniCredit (UCG) Phoenix Autocallable;Advanced Micro Devices, Inc.;NASDAQ:AMD;NASDAQ;US0079031078;Semiconductors;Technology
CH1550424647;Twin-Win Certificate in EUR on Ferrari, Hermès, Kering (RACE, RMS, KER);NVIDIA Corp;NVDA;NASDAQ;US67066G1040;Semiconductors;Technology
CH1550424647;Twin-Win Certificate in EUR on Ferrari, Hermès, Kering (RACE, RMS, KER);Advanced Micro Devices, Inc.;NASDAQ:AMD;NASDAQ;US0079031078;Semiconductors;Technology
CH1550422195;Phoenix Autocallable Express on A2A, Eni, Ferrari, Intesa Sanpaolo;Advanced Micro Devices, Inc.;NASDAQ:AMD;NASDAQ;US0079031078;Semiconductors;Technology
CH1550422195;Phoenix Autocallable Express on A2A, Eni, Ferrari, Intesa Sanpaolo;NVIDIA Corp;NVDA;NASDAQ;US67066G1040;Semiconductors;Technology
CH1550421528;Express Certificate in EUR on Intel and Micron Technology (INTC, MU);Intel;NASDAQ:INTC;NASDAQ;US4581401001;Semiconductors;Technology
NLBNPIT300U7;Step Down Memory Cash Collect on Palantir Technologies Inc;Palantir Technologies Inc.;NYSE:PLTR;NYSE;US69608A1088;Software-Infrastructure;Technology
CH1525083544;EQUITY PROTECTION;BTPS 0.95 06/01/32;MOT;MOT;IT0005405318;Sovereign Debt;Government
DE000VH30021;Memory Express Zertifikat auf Allianz, AXA, Zurich Insurance (ALV, CS, ZURN);Zurich Insurance Group;SWX:ZURN;SIX Swiss Exchange;CH0011075394;Insurance;Financials
DE000VJ6U7J7;Memory Express Zertifikat auf Allianz, AXA, Zurich Insurance;Zurich Insurance Group AG;SWX:ZURN;SIX Swiss Exchange;CH0011075394;Insurance;Financials
DE000VH68M19;Memory Express Certificate on Stellantis, STLA, ENI, ENI, Enel, ENEL;Enel S.p.A.;BIT:ENEL;BIT;IT0003128367;Utilities-Diversified;Utilities
DE000VJ6U7J7;Memory Express Zertifikat auf Allianz, AXA, Zurich Insurance;Allianz SE;ALV;XETRA;DE0008404005;Insurance;Financials
DE000VJ6U7J7;Memory Express Zertifikat auf Allianz, AXA, Zurich Insurance;AXA SA;EPA:CS;EPA;FR0000120628;Insurance;Financials
DE000VH30021;Memory Express Zertifikat auf Allianz, AXA, Zurich Insurance (ALV, CS, ZURN);AXA SA;EPA:CS;EPA;FR0000120628;Insurance;Financials
DE000VH30021;Memory Express Zertifikat auf Allianz, AXA, Zurich Insurance (ALV, CS, ZURN);Allianz SE;ALV;XETRA;DE0008404005;Insurance;Financials
CH1550424647;Twin-Win Certificate in EUR on Ferrari, Hermès, Kering (RACE, RMS, KER);ASML Holding N.V.;ASML;NASDAQ;US04583N1000;Semiconductor Equipment;Technology
DE000VH68M19;Memory Express Certificate on Stellantis, STLA, ENI, ENI, Enel, ENEL;Eni S.p.A.;BIT:ENI;BIT;IT0003132476;Oil and Gas Integrated;Energy
CH1525091620;Express Certificate in EUR on iShares Silver Trust (SLV) and SPDR Gold Trust (GLD);SPDR Gold Shares;NYSEARCA:GLD;NYSE Arca;US78463V1070;Commodities;Financial
CH1550422195;Phoenix Autocallable Express on A2A, Eni, Ferrari, Intesa Sanpaolo;Intel Corporation;NASDAQ:INTC;NASDAQ;US4581401001;Semiconductors;Technology
CH1525083577;Certificato Express in EUR su Banca Monte dei Paschi Siena, Banco BPM, UniCredit (BMPS, BAMI, UCG);Unicredit;BIT:UCG;BIT;IT0005239367;Banks;Financial Services
XS3236768365;10Y 100% Protection Cash Collect on Solactive BTP 10Y Index (SOITA10Y Index);Solactive BTP 10 Annual Comp. Yield Index;SOITA10Y;N/A;N/A;Government Bonds;Financials
XS3266629172;10Y 100% Protection Cash Collect on Solactive BTP 10Y Index in EUR (SOITA10Y);Solactive BTP 10 Annual Comp. Yield Index;SOITA10Y;Solactive;N/A;Fixed Income;Government Bonds
XS3342731489;10Y 100% Protection Cash Collect on Solactive Constant Maturity BUND 10Y in EUR (SOLDE10E);Solactive Constant Maturity BUND 10Y Yield Index;SOLDE10E;N/A;N/A;Government Bonds;Finance
IT0006775347;110m Credit Linked on UniCredit SpA in EUR;UniCredit SpA;BIT:UCG;BIT;IT0005239360;Banking;Financial Services
NLBNPIT304D5;12 Premi Fissi Cash Collect Step Down on BMPS, ISP, BAMI;Banca Monte dei Paschi di Siena SpA;BIT:BMPS;BIT;IT0005508921;Banking;Financials
NLBNPIT304P9;12 Premi Fissi Cash Collect Step Down (ENEL, ENR, ELE);Endesa SA;ELE;BME;ES0130670112;Electric Utilities;Utilities
NLBNPIT2XBR3;12 Premi Fissi Cash Collect Step Down;STMicroelectronics NV;BIT:STMMI;BIT;NL0000226223;Semiconductors;Technology
NLBNPIT2XBR3;12 Premi Fissi Cash Collect Step Down;Kering SA;KER;EPA;FR0000121485;Luxury Goods;Consumer Cyclical
NLBNPIT2XBR3;12 Premi Fissi Cash Collect Step Down;Moncler SpA;BIT:MONC;BIT;IT0004965148;Luxury Goods;Consumer Cyclical
NLBNPIT304J2;12 Premi Fissi Cash Collect Step Down (Leonardo, Poste Italiane, Enel);Leonardo SpA;BIT:LDO;BIT;IT0003856405;Aerospace and Defense;Industrials
NLBNPIT304N4;12 Premi Fissi Cash Collect Step Down (ASML, STLAM, CBK, ENR);Stellantis NV;BIT:STLAM;BIT;NL00150001Q9;Automotive;Consumer Cyclical
NLBNPIT304N4;12 Premi Fissi Cash Collect Step Down (ASML, STLAM, CBK, ENR);Siemens Energy AG;ENR;Xetra;DE000ENER6Y0;Energy Equipment and Services;Industrials
NLBNPIT304P9;12 Premi Fissi Cash Collect Step Down (ENEL, ENR, ELE);Enel SpA;BIT:ENEL;BIT;IT0003128367;Electric Utilities;Utilities
NLBNPIT2XBR3;12 Premi Fissi Cash Collect Step Down;Banco BPM SpA;BIT:BAMI;BIT;IT0005218380;Banking;Financial Services
NLBNPIT304D5;12 Premi Fissi Cash Collect Step Down on BMPS, ISP, BAMI;Intesa Sanpaolo SpA;BIT:ISP;BIT;IT0000072618;Banking;Financials
NLBNPIT304D5;12 Premi Fissi Cash Collect Step Down on BMPS, ISP, BAMI;Banco BPM SpA;BIT:BAMI;BIT;IT0005218380;Banking;Financials
NLBNPIT304E3;12 Premi Fissi Cash Collect Step Down-Intesa Sanpaolo SpA, Banco BPM SpA;Banco BPM SpA;BIT:BAMI;BIT;IT0005218380;Banking;Financials
NLBNPIT304N4;12 Premi Fissi Cash Collect Step Down (ASML, STLAM, CBK, ENR);Commerzbank AG;ETR:CBK;Xetra;DE000CBK1001;Banking;Financial Services
NLBNPIT304J2;12 Premi Fissi Cash Collect Step Down (Leonardo, Poste Italiane, Enel);Enel SpA;BIT:ENEL;BIT;IT0003128367;Electric Utilities;Utilities
NLBNPIT304P9;12 Premi Fissi Cash Collect Step Down (ENEL, ENR, ELE);Siemens Energy AG;ENR;Xetra;DE000ENER6Y0;Electrical Equipment;Industrials
NLBNPIT304J2;12 Premi Fissi Cash Collect Step Down (Leonardo, Poste Italiane, Enel);Poste Italiane SpA;BIT:PST;BIT;IT0003796171;Insurance/Logistics;Financials
NLBNPIT304E3;12 Premi Fissi Cash Collect Step Down-Intesa Sanpaolo SpA, Banco BPM SpA;Intesa Sanpaolo SpA;BIT:ISP;BIT;IT0000072618;Banking;Financials
NLBNPIT304N4;12 Premi Fissi Cash Collect Step Down (ASML, STLAM, CBK, ENR);ASML Holding NV;ASML;Amsterdam;NL0010273215;Semiconductor Equipment;Technology
NLBNPIT304L8;12 Premi Fissi Cash Collect Step Down (ENI, ENEL, RACE, ISP);Intesa Sanpaolo SpA;BIT:ISP;BIT;IT0000072618;Banks-Regional;Financial Services
NLBNPIT304L8;12 Premi Fissi Cash Collect Step Down (ENI, ENEL, RACE, ISP);Ferrari NV;BIT:RACE;BIT;NL0011585146;Auto Manufacturers;Consumer Cyclical
NLBNPIT304L8;12 Premi Fissi Cash Collect Step Down (ENI, ENEL, RACE, ISP);Enel SpA;BIT:ENEL;BIT;IT0003128367;Electric Utilities;Utilities
NLBNPIT304L8;12 Premi Fissi Cash Collect Step Down (ENI, ENEL, RACE, ISP);Eni SpA;BIT:ENI;BIT;IT0003132476;Oil and Gas;Energy
NLBNPIT304K0;12 Premi Fissi Cash Collect Step Down (FCT, SRG, ERG, STMMI);Fincantieri SpA;BIT:FCT;BIT;IT0005599938;Shipbuilding;Industrials
NLBNPIT304K0;12 Premi Fissi Cash Collect Step Down (FCT, SRG, ERG, STMMI);STMicroelectronics NV;BIT:STMMI;BIT;NL0000226223;Semiconductors;Technology
NLBNPIT304K0;12 Premi Fissi Cash Collect Step Down (FCT, SRG, ERG, STMMI);ERG SpA;BIT:ERG;BIT;IT0001157020;Renewable Energy;Utilities
NLBNPIT304K0;12 Premi Fissi Cash Collect Step Down (FCT, SRG, ERG, STMMI);Snam SpA;BIT:SRG;BIT;IT0003153415;Gas Utilities;Utilities
NLBNPIT304Q7;12 Premi Fissi Cash Collect Step Down (GOOGL, MSFT, AI);Alphabet Inc;GOOGL;NASDAQ;US02079K3059;Internet Services;Technology
NLBNPIT304Q7;12 Premi Fissi Cash Collect Step Down (GOOGL, MSFT, AI);C3.ai Inc;NYSE:AI;NYSE;US12468P1049;Software;Technology
NLBNPIT304Q7;12 Premi Fissi Cash Collect Step Down (GOOGL, MSFT, AI);Microsoft Corp;MSFT;NASDAQ;US5949181045;Software;Technology
NLBNPIT304E3;12 Premi Fissi Cash Collect Step Down-Intesa Sanpaolo SpA, Banco BPM SpA;Banco BPM SpA;BIT:BAMI;BIT;IT0005218380;Banks;Financials
NLBNPIT304E3;12 Premi Fissi Cash Collect Step Down-Intesa Sanpaolo SpA, Banco BPM SpA;Intesa Sanpaolo SpA;BIT:ISP;BIT;IT0000072618;Banks;Financials
NLBNPIT2TQK4;12 Premi Fissi Cash Collect Step Down (Rheinmetall AG, Leonardo SpA, The Boeing Co, Dassault Systemes SE);The Boeing Co;NYSE:BA;NYSE;US0970231058;Aerospace and Defense;Industrials
NLBNPIT2TQK4;12 Premi Fissi Cash Collect Step Down (Rheinmetall AG, Leonardo SpA, The Boeing Co, Dassault Systemes SE);Dassault Systemes SE;EPA:DSY;EPA;FR0014003TT8;Software;Technology
NLBNPIT2TQK4;12 Premi Fissi Cash Collect Step Down (Rheinmetall AG, Leonardo SpA, The Boeing Co, Dassault Systemes SE);Rheinmetall AG;ETR:RHM;XETRA;DE0007030009;Aerospace and Defense;Industrials
NLBNPIT2TQK4;12 Premi Fissi Cash Collect Step Down (Rheinmetall AG, Leonardo SpA, The Boeing Co, Dassault Systemes SE);Leonardo SpA;BIT:LDO;BIT;IT0003856405;Aerospace and Defense;Industrials
NLBNPIT2SP93;12 Premi Fissi Cash Collect Step Down 95% (META, GOOGL, AMD, AMZN);Amazon.com Inc;NASDAQ:AMZN;NASDAQ;US0231351067;Internet Retail;Consumer Cyclical
NLBNPIT2SP93;12 Premi Fissi Cash Collect Step Down 95% (META, GOOGL, AMD, AMZN);Meta Platforms Inc;META;NASDAQ;US30303M1027;Internet Content and Information;Communication Services
NLBNPIT2SP93;12 Premi Fissi Cash Collect Step Down 95% (META, GOOGL, AMD, AMZN);Alphabet Inc;GOOGL;NASDAQ;US02079K3059;Internet Content and Information;Communication Services
NLBNPIT2SP93;12 Premi Fissi Cash Collect Step Down 95% (META, GOOGL, AMD, AMZN);Advanced Micro Devices Inc;NASDAQ:AMD;NASDAQ;US0079031078;Semiconductors;Technology
XS3287393642;12Y 100% Protection Cash Collect on BFR TEC 10Y Index in EUR (BFRTEC10 Index);Banque de France TEC 10 CNO Constant 10 Year Maturity Treasury Benchmark;Euronext;Euronext;N/A;Sovereign Bonds;Government
XS3304607255;12Y 100% Protection Cash Collect on Solactive BTP 10Y Index in EUR (SOITA10Y);Solactive BTP 10 Annual Comp. Yield Index;SOITA10Y;Solactive;N/A;Indices;Financial
IT0006772583;12m Wof Memory Phoenix Autocall on Tesla Inc (TSLA), Intel Corp (INTC), Micron Technology Inc (MU), Oracle Corp (ORCL) in EUR;Tesla Inc;NASDAQ:TSLA;UW;N/A;N/A;N/A
IT0006772583;12m Wof Memory Phoenix Autocall on Tesla Inc (TSLA), Intel Corp (INTC), Micron Technology Inc (MU), Oracle Corp (ORCL) in EUR;Micron Technology Inc;NASDAQ:MU;UW;N/A;N/A;N/A
IT0006772583;12m Wof Memory Phoenix Autocall on Tesla Inc (TSLA), Intel Corp (INTC), Micron Technology Inc (MU), Oracle Corp (ORCL) in EUR;Oracle Corp;NYSE:ORCL;UN;N/A;N/A;N/A
IT0006772583;12m Wof Memory Phoenix Autocall on Tesla Inc (TSLA), Intel Corp (INTC), Micron Technology Inc (MU), Oracle Corp (ORCL) in EUR;Intel Corp;NASDAQ:INTC;UW;N/A;N/A;N/A
IT0006772062;48m Wof Memory Phoenix Autocall on Banco BPM SpA, Societe Generale SA, Banca Monte dei Paschi di Sien, Commerzbank AG in EUR;Commerzbank AG;ETR:CBK;Xetra;DE000CBK1001;Banks;Financials
IT0006772062;48m Wof Memory Phoenix Autocall on Banco BPM SpA, Societe Generale SA, Banca Monte dei Paschi di Sien, Commerzbank AG in EUR;Banco BPM SpA;BIT:BAMI;BIT;IT0005218380;Banks;Financials
IT0006772062;48m Wof Memory Phoenix Autocall on Banco BPM SpA, Societe Generale SA, Banca Monte dei Paschi di Sien, Commerzbank AG in EUR;Banca Monte dei Paschi di Siena;BIT:BMPS;BIT;IT0005272031;Banks;Financials
IT0006772062;48m Wof Memory Phoenix Autocall on Banco BPM SpA, Societe Generale SA, Banca Monte dei Paschi di Sien, Commerzbank AG in EUR;Societe Generale SA;EPA:GLE;EPA;FR0000130809;Banks;Financials
CH1390871320;5.30% p.a. Reverse Convertible in EUR on 2.15% BTPS Italia (03/01/72) (IT0005441883);2.15% BTPS Italia (03/01/72);IT0005441883;BIT;IT0005441883;Government Bonds;Government
IT0006770512;60m Wof Memory Phoenix Autocall on BNP Paribas SA, UniCredit SpA, Banco BPM SpA in EUR;Banco BPM SpA;BIT:BAMI;BIT;IT0005218380;Banks;Financial Services
IT0006770512;60m Wof Memory Phoenix Autocall on BNP Paribas SA, UniCredit SpA, Banco BPM SpA in EUR;UniCredit SpA;BIT:UCG;BIT;IT0005239360;Banks;Financial Services
IT0006770512;60m Wof Memory Phoenix Autocall on BNP Paribas SA, UniCredit SpA, Banco BPM SpA in EUR;BNP Paribas SA;EPA:BNP;EPA;FR0000131104;Banks;Financial Services
XS3343672740;7Y 100% Protection Cash Collect on Solactive Constant Maturity EU NXG 10Y (SOLEU10E);Solactive Constant Maturity EU NXG 10Y;SOLEU10E;N/A;N/A;Indices;Financial
CH1453354354;8.00% p.a. Reverse Convertible in EUR on 0.5% France Govt (05/25/2072) (FR0014001NN8);0.5% France Govt (05/25/2072);FR0014001NN8;Euronext;FR0014001NN8;Sovereign Debt;Government
XS3312413852;BNP Paribas Credit Certificate on GS, MS;MORGAN STANLEY;NYSE:MS;NYSE;US6174464486;Capital Markets;Financials
XS3312413852;BNP Paribas Credit Certificate on GS, MS;THE GOLDMAN SACHS GROUP, INC.;NYSE:GS;NYSE;US38141G1040;Capital Markets;Financials
NLBNPIT30341;Cash Collect Protection Booster (UNI, G, SREN, SCR);SCOR SE;EPA:SCR;EPA;FR0010411983;Insurance;Financial
NLBNPIT30341;Cash Collect Protection Booster (UNI, G, SREN, SCR);Unipol Assicurazioni SpA;BIT:UNI;BIT;IT0004810054;Insurance;Financial
NLBNPIT30341;Cash Collect Protection Booster (UNI, G, SREN, SCR);Swiss Re AG;SWX:SREN;SIX Swiss Exchange;CH0126881561;Insurance;Financial
NLBNPIT30309;Cash Collect Protection Booster (BMPS, GLE, CABK, BBVA);Banco Bilbao Vizcaya Argentaria SA;BME:BBVA;BME;ES0113211835;Banking;Financials
NLBNPIT30309;Cash Collect Protection Booster (BMPS, GLE, CABK, BBVA);CaixaBank SA;BME:CABK;BME;ES0140609019;Banking;Financials
NLBNPIT30309;Cash Collect Protection Booster (BMPS, GLE, CABK, BBVA);Societe Generale SA;EPA:GLE;EPA;FR0000130809;Banking;Financials
NLBNPIT30309;Cash Collect Protection Booster (BMPS, GLE, CABK, BBVA);Banca Monte dei Paschi di Siena SpA;BIT:BMPS;BIT;IT0005508921;Banking;Financials
NLBNPIT21T57;Cash Collect Step Down 95% (Mercedes-Benz Group AG, Ford Motor Co, Tesla Inc);Tesla Inc;NASDAQ:TSLA;NASDAQ;US88160R1014;Automotive;Automotive
NLBNPIT21T57;Cash Collect Step Down 95% (Mercedes-Benz Group AG, Ford Motor Co, Tesla Inc);Mercedes-Benz Group AG;MBG;XETRA;DE0007100000;Automotive;Automotive
NLBNPIT21T57;Cash Collect Step Down 95% (Mercedes-Benz Group AG, Ford Motor Co, Tesla Inc);Ford Motor Co;PLTR:NYSE;NYSE;US3453708600;Automotive;Automotive
CH1525083577;Certificato Express in EUR su Banca Monte dei Paschi Siena, Banco BPM, UniCredit (BMPS, BAMI, UCG);BANCA MONTE DEI PASCHI SIENA;BIT:BMPS;BIT;IT0005508921;Banking;Financials
CH1525083577;Certificato Express in EUR su Banca Monte dei Paschi Siena, Banco BPM, UniCredit (BMPS, BAMI, UCG);BANCO BPM SPA;BIT:BAMI;BIT;IT0005218380;Banking;Financials
CH1525083577;Certificato Express in EUR su Banca Monte dei Paschi Siena, Banco BPM, UniCredit (BMPS, BAMI, UCG);UNICREDIT SPA;BIT:UCG;BIT;IT0005239360;Banking;Financials
CH1316652309;Certificato Express in EUR su Bayer e Pfizer (BAYN GY, PFE UN);BAYER AG-REG;BAYN;Xetra;DE000BAY0017;Pharmaceuticals;Healthcare
CH1316652309;Certificato Express in EUR su Bayer e Pfizer (BAYN GY, PFE UN);PFIZER INC-REG;PFE;NYSE;US7170811035;Pharmaceuticals;Healthcare
CH1550424647;Twin-Win Certificate in EUR on Ferrari, Hermès, Kering (RACE, RMS, KER);HERMES INTERNATIONAL;RMS;EPA;FR0000052292;Luxury Goods;Consumer Cyclical
CH1550424647;Twin-Win Certificate in EUR on Ferrari, Hermès, Kering (RACE, RMS, KER);KERING;KER;EPA;FR0000121485;Luxury Goods;Consumer Cyclical
CH1550424647;Twin-Win Certificate in EUR on Ferrari, Hermès, Kering (RACE, RMS, KER);FERRARI NV;BIT:RACE;BIT;NL0011585146;Auto Manufacturers;Consumer Cyclical
XS3312413423;Credit Certificate (SAN, BARC, DBK);BARCLAYS PLC;LON:BARC;LSE;GB0031348658;Banks;Financials
XS3312413423;Credit Certificate (SAN, BARC, DBK);DEUTSCHE BANK AKTIENGESELLSCHAFT;ETR:DBK;Xetra;DE0005140008;Banks;Financials
XS3312413423;Credit Certificate (SAN, BARC, DBK);BANCO SANTANDER, S.A.;BME:SAN;BME;ES0113900J37;Banks;Financials
XS3312413340;Credit Linked Note on BANCA MONTE DEI PASCHI DI SIENA S.P.A., INTESA SANPAOLO SPA, UNICREDIT, SOCIETA PER AZIONI (BMPS, ISP, UCG);UniCredit S.p.A.;BIT:UCG;BIT;IT0005239545;Banks;Financial Services
XS3312413340;Credit Linked Note on BANCA MONTE DEI PASCHI DI SIENA S.P.A., INTESA SANPAOLO SPA, UNICREDIT, SOCIETA PER AZIONI (BMPS, ISP, UCG);Intesa Sanpaolo S.p.A.;BIT:ISP;BIT;IT0000072618;Banks;Financial Services
XS3312413340;Credit Linked Note on BANCA MONTE DEI PASCHI DI SIENA S.P.A., INTESA SANPAOLO SPA, UNICREDIT, SOCIETA PER AZIONI (BMPS, ISP, UCG);Banca Monte dei Paschi di Siena S.p.A.;BIT:BMPS;BIT;IT0005218752;Banks;Financial Services
CH1525091620;Express Certificate in EUR on iShares Silver Trust (SLV) and SPDR Gold Trust (GLD);SPDR Gold Shares;NYSEARCA:GLD;NYSE Arca;US78463V1070;Exchange Traded Funds;Financial Services
CH1525091620;Express Certificate in EUR on iShares Silver Trust (SLV) and SPDR Gold Trust (GLD);iShares Silver Trust;NYSEARCA:SLV;NYSE Arca;US46428Q1094;Exchange Traded Funds;Financial Services
IT0006771353;IT0006771353;Advanced Micro Devices Inc;NASDAQ:AMD;NASDAQ;US0079031078;Semiconductors;Technology
IT0006771353;IT0006771353;STMicroelectronics NV;BIT:STMMI;BIT;NL0000226223;Semiconductors;Technology
IT0006771353;IT0006771353;Infineon Technologies AG;ETR:IFX;XETRA;DE0006231004;Semiconductors;Technology
IT0006771353;IT0006771353;Intel Corp;NASDAQ:INTC;NASDAQ;US4581401001;Semiconductors;Technology
NLBNPIT303Y3;Maxi Cash Collect Step Down (BPE, AZM, G, PST);Generali;BIT:G;BIT;IT0000062072;Insurance;Financials
NLBNPIT303Y3;Maxi Cash Collect Step Down (BPE, AZM, G, PST);Azimut Holding SpA;BIT:AZM;BIT;IT0003261697;Asset Management;Financials
NLBNPIT303Y3;Maxi Cash Collect Step Down (BPE, AZM, G, PST);Poste Italiane SpA;BIT:PST;BIT;IT0003796171;Postal Services and Financials;Financials
NLBNPIT303Y3;Maxi Cash Collect Step Down (BPE, AZM, G, PST);BPER Banca SPA;BIT:BPE;BIT;IT0000066123;Banks;Financials
NLBNPIT303V9;Maxi Cash Collect Step Down BAMI BPE ISP FBK;Banco BPM SpA;BIT:BAMI;BIT;IT0005218380;Banks;Financials
NLBNPIT303V9;Maxi Cash Collect Step Down BAMI BPE ISP FBK;Intesa Sanpaolo SpA;BIT:ISP;BIT;IT0000072618;Banks;Financials
NLBNPIT303V9;Maxi Cash Collect Step Down BAMI BPE ISP FBK;BPER Banca SPA;BIT:BPE;BIT;IT0000066123;Banks;Financials
NLBNPIT303V9;Maxi Cash Collect Step Down BAMI BPE ISP FBK;FinecoBank Banca Fineco SpA;BIT:FBK;BIT;IT0000072170;Diversified Financial Services;Financials
NLBNPIT303W7;Maxi Cash Collect Step Down ISP SAN ZURN CS;Banco Santander SA;BME:SAN;BME;ES0113900J37;Banks;Financials
NLBNPIT303W7;Maxi Cash Collect Step Down ISP SAN ZURN CS;Zurich Insurance Group AG;SWX:ZURN;SIX Swiss Exchange;CH0011075394;Insurance;Financials
NLBNPIT303W7;Maxi Cash Collect Step Down ISP SAN ZURN CS;Intesa Sanpaolo SpA;BIT:ISP;BIT;IT0000072618;Banks;Financials
NLBNPIT303W7;Maxi Cash Collect Step Down ISP SAN ZURN CS;AXA SA;EPA:CS;EPA;FR0000120628;Insurance;Financials
IT0005621674;Mediobanca Bonus Cap Engie SA (ENGI);Engie SA;EPA:ENGI;EPA;FR0010208488;Multi-Utilities;Utilities
IT0005710725;Phoenix Autocallable Worst of MU, SMCI, SNDK;Micron Technology Inc;NASDAQ:MU;NASDAQ;US5951121038;Semiconductors;Technology
IT0005710725;Phoenix Autocallable Worst of MU, SMCI, SNDK;Sandisk Corp;NASDAQ:SNDK;NASDAQ;US80004C1018;Semiconductors;Technology
IT0005710725;Phoenix Autocallable Worst of MU, SMCI, SNDK;Super Micro Computer Inc;NASDAQ:SMCI;NASDAQ;US86800U1043;Computer Hardware;Technology
CH1550420314;Phoenix Autocallable on Aegon, Allianz, Generali, Swiss Re;AEGON LTD;AGN;Amsterdam;BMG0112X1056;Insurance;Financial Services
CH1550420314;Phoenix Autocallable on Aegon, Allianz, Generali, Swiss Re;SWISS RE AG;SWX:SREN;SIX Swiss Exchange AG;CH0126881561;Insurance;Financial Services
CH1550420314;Phoenix Autocallable on Aegon, Allianz, Generali, Swiss Re;ALLIANZ SE-REG;ALV;Xetra;DE0008404005;Insurance;Financial Services
CH1550425057;Phoenix Autocallable on Banca Monte dei Paschi Siena, Barclays, Commerzbank, Société Générale;Société Générale;EPA:GLE;EPA;FR0000130809;Banking;Financial
CH1550425057;Phoenix Autocallable on Banca Monte dei Paschi Siena, Barclays, Commerzbank, Société Générale;Barclays PLC;LON:BARC;LSE;GB0031348658;Banking;Financial
CH1550425057;Phoenix Autocallable on Banca Monte dei Paschi Siena, Barclays, Commerzbank, Société Générale;Banca Monte dei Paschi Siena;BIT:BMPS;BIT;IT0005508921;Banking;Financial
CH1550425057;Phoenix Autocallable on Banca Monte dei Paschi Siena, Barclays, Commerzbank, Société Générale;Commerzbank AG;ETR:CBK;Xetra;DE000CBK1001;Banking;Financial
NLBNPIT300C5;Step Down Memory Cash Collect on Banca Monte dei Paschi di Siena SpA;Banca Monte dei Paschi di Siena SpA;BIT:BMPS;BIT;IT0005508921;Banks;Financials
IT0006775404;60m Wof Memory Phoenix Autocall on EURO STOXX 50 Price EUR, S&P 500 INDEX, Nikkei 225, iShares China Large-Cap ETF in EUR;EURO STOXX 50 Price EUR;SX5E;Not Specified;Not Specified;Financial Indices;Indices
IT0006775404;60m Wof Memory Phoenix Autocall on EURO STOXX 50 Price EUR, S&P 500 INDEX, Nikkei 225, iShares China Large-Cap ETF in EUR;iShares China Large-Cap ETF;FXI;Not Specified;Not Specified;Financial Services;ETFs
IT0006775404;60m Wof Memory Phoenix Autocall on EURO STOXX 50 Price EUR, S&P 500 INDEX, Nikkei 225, iShares China Large-Cap ETF in EUR;Nikkei 225;NKY;Not Specified;Not Specified;Financial Indices;Indices
IT0006775404;60m Wof Memory Phoenix Autocall on EURO STOXX 50 Price EUR, S&P 500 INDEX, Nikkei 225, iShares China Large-Cap ETF in EUR;S&P 500 INDEX;SPX;Not Specified;Not Specified;Financial Indices;Indices
NLBNPIT2EPT9;12 Premi Fissi Cash Collect Step Down 95% (KER, RCL, BRBY);Kering SA;KER;EPA;FR0000121485;Luxury Goods;Consumer Cyclical
NLBNPIT2EPT9;12 Premi Fissi Cash Collect Step Down 95% (KER, RCL, BRBY);Royal Caribbean Cruises Ltd;RCL;NYSE;LR0008862868;Travel and Leisure;Consumer Cyclical
NLBNPIT2EPT9;12 Premi Fissi Cash Collect Step Down 95% (KER, RCL, BRBY);Burberry Group PLC;BRBY;LSE;GB0031743007;Luxury Goods;Consumer Cyclical
NLBNPIT303S5;Premium Plus Cash Collect on Meta Platforms Inc, Advanced Micro Devices Inc, Dell Technologies Inc;Dell Technologies Inc;NYSE:DELL;NYSE;US24703L2025;Hardware;Technology
NLBNPIT303S5;Premium Plus Cash Collect on Meta Platforms Inc, Advanced Micro Devices Inc, Dell Technologies Inc;Advanced Micro Devices Inc;NASDAQ:AMD;NASDAQ;US0079031078;Semiconductors;Technology
NLBNPIT303S5;Premium Plus Cash Collect on Meta Platforms Inc, Advanced Micro Devices Inc, Dell Technologies Inc;Meta Platforms Inc;META;NASDAQ;US30303M1027;Interactive Media and Services;Technology
NLBNPIT2TQJ6;12 Premi Fissi Cash Collect Step Down (BAMI, BPE, BMPS, FBK);BPER Banca SPA;BIT:BPE;BIT;IT0000066123;Banking;Financials
NLBNPIT304M6;12 Premi Fissi Cash Collect Step Down-RHM, BA, FCT;Fincantieri SpA;BIT:FCT;BIT;IT0005599938;Shipbuilding;Industrials
NLBNPIT304M6;12 Premi Fissi Cash Collect Step Down-RHM, BA, FCT;The Boeing Co;NYSE:BA;NYSE;US0970231058;Aerospace and Defense;Industrials
NLBNPIT2TQJ6;12 Premi Fissi Cash Collect Step Down (BAMI, BPE, BMPS, FBK);Banco BPM SpA;BIT:BAMI;BIT;IT0005218380;Banking;Financials
NLBNPIT2TQJ6;12 Premi Fissi Cash Collect Step Down (BAMI, BPE, BMPS, FBK);FinecoBank Banca Fineco SpA;BIT:FBK;BIT;IT0000072170;Banking/Financial Services;Financials
NLBNPIT2TQJ6;12 Premi Fissi Cash Collect Step Down (BAMI, BPE, BMPS, FBK);Banca Monte dei Paschi di Siena SpA;BIT:BMPS;BIT;IT0005508921;Banking;Financials
NLBNPIT304M6;12 Premi Fissi Cash Collect Step Down-RHM, BA, FCT;Rheinmetall AG;ETR:RHM;XETRA;DE0007030009;Aerospace and Defense;Industrials
NLBNPIT30358;Cash Collect Protection Booster (A2A, Engie, Veolia, E.ON);Engie SA;EPA:ENGI;EPA;FR0010208488;Multi-Utilities;Utilities
NLBNPIT30358;Cash Collect Protection Booster (A2A, Engie, Veolia, E.ON);E.ON SE;EOAN;XETRA;DE000ENAG999;Electric Utilities;Utilities
NLBNPIT30358;Cash Collect Protection Booster (A2A, Engie, Veolia, E.ON);Veolia Environnement SA;VIE;EPA;FR0000124141;Environmental Services;Utilities
NLBNPIT30358;Cash Collect Protection Booster (A2A, Engie, Veolia, E.ON);A2A SpA;A2A;BIT;IT0001233417;Electric Utilities;Utilities
CH1550424928;Certificato Express in EUR su Banco BPM, Davide Campari-Milano, Enel, Leonardo (BAMI, CPR, ENEL, LDO);BANCO BPM SPA;BIT:BAMI;BIT;IT0005218380;Banking;Financial
CH1550424928;Certificato Express in EUR su Banco BPM, Davide Campari-Milano, Enel, Leonardo (BAMI, CPR, ENEL, LDO);LEONARDO SPA;BIT:LDO;BIT;IT0003856405;Aerospace and Defense;Industrials
CH1550424928;Certificato Express in EUR su Banco BPM, Davide Campari-Milano, Enel, Leonardo (BAMI, CPR, ENEL, LDO);ENEL SPA;BIT:ENEL;BIT;IT0003128367;Electric Utilities;Utilities
CH1550424928;Certificato Express in EUR su Banco BPM, Davide Campari-Milano, Enel, Leonardo (BAMI, CPR, ENEL, LDO);DAVIDE CAMPARI-MILANO NV;CPR;BIT;NL0015435975;Beverages;Consumer Goods
NLBNPIT304S3;12 Premi Fissi Cash Collect Step Down (Bayer AG, Eli Lilly and Co, Merck and Co Inc);Eli Lilly and Co;LLY;NYSE;US5324571083;Pharmaceuticals;Healthcare
NLBNPIT304G8;12 Premi Fissi Cash Collect Step Down (BGN, UCG, BMPS, BPE);UniCredit SpA;BIT:UCG;BIT;IT0005239360;Banking;Financials
NLBNPIT304G8;12 Premi Fissi Cash Collect Step Down (BGN, UCG, BMPS, BPE);Banca Generali SpA;BGN;BIT;IT0001031084;Banking;Financials
NLBNPIT304S3;12 Premi Fissi Cash Collect Step Down (Bayer AG, Eli Lilly and Co, Merck and Co Inc);Bayer AG;BAYN;XETRA;DE000BAY0017;Pharmaceuticals;Healthcare
NLBNPIT304S3;12 Premi Fissi Cash Collect Step Down (Bayer AG, Eli Lilly and Co, Merck and Co Inc);Merck and Co Inc;MRK;NYSE;US58933Y1055;Pharmaceuticals;Healthcare
NLBNPIT304G8;12 Premi Fissi Cash Collect Step Down (BGN, UCG, BMPS, BPE);BPER Banca SPA;BIT:BPE;BIT;IT0000066123;Banking;Financials
NLBNPIT304G8;12 Premi Fissi Cash Collect Step Down (BGN, UCG, BMPS, BPE);Banca Monte dei Paschi di Siena SpA;BIT:BMPS;BIT;IT0005508921;Banking;Financials
NLBNPIT2EPV5;12 Premi Fissi Cash Collect Step Down 95% (NVIDIA, MSFT, AMZN, META);Microsoft Corp;MSFT;NASDAQ;US5949181045;Software;Technology
NLBNPIT2EPV5;12 Premi Fissi Cash Collect Step Down 95% (NVIDIA, MSFT, AMZN, META);Meta Platforms Inc;META;NASDAQ;US30303M1027;Social Media;Communication Services
NLBNPIT2EPV5;12 Premi Fissi Cash Collect Step Down 95% (NVIDIA, MSFT, AMZN, META);Amazon.com Inc;NASDAQ:AMZN;NASDAQ;US0231351067;E-commerce;Consumer Discretionary
NLBNPIT2EPV5;12 Premi Fissi Cash Collect Step Down 95% (NVIDIA, MSFT, AMZN, META);NVIDIA Corp;NVDA;NASDAQ;US67066G1040;Semiconductors;Technology
IT0006775891;14m Wof Memory Phoenix Autocall on ASML Holding NV (ASML NA), Intel Corp (INTC UW), STMicroelectronics NV (STMPA FP) in EUR;ASML Holding NV;ASML NA;Not specified;Not specified;Not specified;Not specified
IT0006775891;14m Wof Memory Phoenix Autocall on ASML Holding NV (ASML NA), Intel Corp (INTC UW), STMicroelectronics NV (STMPA FP) in EUR;STMicroelectronics NV;STMPA FP;Not specified;Not specified;Not specified;Not specified
IT0006775891;14m Wof Memory Phoenix Autocall on ASML Holding NV (ASML NA), Intel Corp (INTC UW), STMicroelectronics NV (STMPA FP) in EUR;Intel Corp;INTC UW;Not specified;Not specified;Not specified;Not specified
NLBNPIT302V1;Cash Collect Protection Booster (UniCredit SpA, Intesa Sanpaolo SpA, BPER Banca SPA);UniCredit SpA;BIT:UCG;BIT;IT0005239360;Banking;Financials
NLBNPIT302V1;Cash Collect Protection Booster (UniCredit SpA, Intesa Sanpaolo SpA, BPER Banca SPA);BPER Banca SPA;BIT:BPE;BIT;IT0000066123;Banking;Financials
NLBNPIT302V1;Cash Collect Protection Booster (UniCredit SpA, Intesa Sanpaolo SpA, BPER Banca SPA);Intesa Sanpaolo SpA;BIT:ISP;BIT;IT0000072618;Banking;Financials
CH1550424985;Certificato Express in EUR su Banca Monte dei Paschi Siena e STMicroelectronics;Banca Monte dei Paschi Siena;BIT:BMPS;BIT;IT0005508921;Banking;Financials
CH1550424985;Certificato Express in EUR su Banca Monte dei Paschi Siena e STMicroelectronics;STMicroelectronics NV;EPA:STMPA;EPA;NL0000226223;Semiconductors;Technology
XS3312413779;Credit Certificate on HP INC., DELL INC. and META PLATFORMS, INC.;HP INC.;HPQ;Not specified;Not specified;Hardware;Technology
XS3312413779;Credit Certificate on HP INC., DELL INC. and META PLATFORMS, INC.;META PLATFORMS, INC.;META;Not specified;Not specified;Internet Services;Technology
XS3312413779;Credit Certificate on HP INC., DELL INC. and META PLATFORMS, INC.;DELL INC.;NYSE:DELL;Not specified;Not specified;Hardware;Technology
XS3312413696;Credit Certificate on LEONARDO S.P.A., ENI S.P.A., ENEL S.P.A.;ENEL S.P.A.;ENEL.MI;BIT;IT0003128367;Electric Utilities;Utilities
XS3312413696;Credit Certificate on LEONARDO S.P.A., ENI S.P.A., ENEL S.P.A.;LEONARDO SOCIETA' PER AZIONI;LDO.MI;BIT;IT0003856405;Aerospace and Defense;Industrials
XS3312413696;Credit Certificate on LEONARDO S.P.A., ENI S.P.A., ENEL S.P.A.;ENI S.P.A.;ENI.MI;BIT;IT0003132476;Oil and Gas;Energy
CH1550424670;Target One Autocallable (Anglogold Ashanti ADR, Colgate-Palmolive, Moderna);Moderna Inc;MRNA;NASDAQ;US60770K1079;Biotechnology;Healthcare
CH1550424670;Target One Autocallable (Anglogold Ashanti ADR, Colgate-Palmolive, Moderna);Anglogold Ashanti ADR;AU;NYSE;GB00BRXH2664;Gold Mining;Basic Materials
CH1550424670;Target One Autocallable (Anglogold Ashanti ADR, Colgate-Palmolive, Moderna);Colgate-Palmolive;CL;NYSE;US1941621039;Household and Personal Products;Consumer Defensive
CH1550421528;Express Certificate in EUR on Intel and Micron Technology (INTC, MU);Micron Technology;NASDAQ:MU;NASDAQ;US5951121038;Semiconductors;Technology
XS3312413183;BNP Paribas Credit Certificate on BMPS, UCG, ISP (XS3312413183);Banca Monte dei Paschi di Siena S.p.A. (Subordinated);BIT:BMPS;BIT;IT0005508921;Banks;Financials
XS3312413183;BNP Paribas Credit Certificate on BMPS, UCG, ISP (XS3312413183);Intesa Sanpaolo S.p.A. (Subordinated);BIT:ISP;BIT;IT0000072618;Banks;Financials
XS3312413183;BNP Paribas Credit Certificate on BMPS, UCG, ISP (XS3312413183);UniCredit S.p.A. (Subordinated);BIT:UCG;BIT;IT0005239360;Banks;Financials
